file,solver,strategy,rc,status,time_raw,time,nodes,failures,peakDepth,solutions,restarts,initTime,solveTime
test_01,gecode,ff_min,0,,0.013962100000000002,1.396e-02,1495,687,28,19,0,0.0028566,0.0111055
test_01,gecode,wdeg_split,0,,0.0126367,1.264e-02,1495,687,28,19,0,0.0039932,0.0086435
test_01,gecode,inorder_min,0,,0.0160717,1.607e-02,1495,687,28,19,0,0.0058748,0.0101969
test_01,chuffed,ff_min,0,,0.015,1.500e-02,190,49,28,1,4,0.012,0.003
test_01,chuffed,wdeg_split,0,,0.021,2.100e-02,190,49,28,1,4,0.019,0.002
test_01,chuffed,inorder_min,0,,0.023,2.300e-02,190,49,28,1,4,0.021,0.002
